Column 1,Column 2
01012013,1
012,1
1,4
10,4
1000,1
10000,1
1200,1
12013,1
12480568,1
12v17r,1
13,1
135,1
14,1
1420,1
15,2
15th,1
15year,1
16827,1
16th,1
17431920,1
17605776,1
17891939,1
1800,1
1854,1
18561918,1
18791971,1
18821942,1
18831887,1
18831968,1
19,1
19121913,1
1914,1
19191948,1
19211985,1
1924,1
19501973,1
19741976,1
19752007,1
19791992,1
19862012,1
19961997,1
19992001,1
1st,2
2,7
20,1
2002,1
20042006,1
20042007,1
2008,1
2009,3
20092010,1
2010,3
2011,4
20112012,1
2012,8
2013,10
20th,2
21,2
212,1
21st,1
22220,1
2300,1
2327,1
250,1
25000,1
25th,1
268276,1
28,1
2nd,2
3,6
30day,1
36,1
3d,2
3e,1
3rd,4
4,2
5,1
50,1
57,1
6,4
60th,1
619,1
64,1
654,1
7,2
7th,1
8,1
9,2
971,1
`hλεκτρυώνη,1
a,102
aaas,1
aata,1
abandons,1
abbey,1
abbreviations,2
abbreviaturarum,1
abia,1
abnormal,1
abo,1
about,5
abraham,1
abroad,2
absolute,1
abstracta,1
abteilung,2
abyad,2
academiae,1
academiaedu,4
academic,7
academy,4
académie,1
académique,1
accademia,4
accces,1
acces,2
access,1530
accessible,2
accesss,11
achaemenid,2
achai,1
achemenet,2
achéménide,1
achéménide,1
acls,3
acme,1
acor,1
acquisitions,2
acropolis,3
across,1
acta,14
actas,1
actes,2
active,1
activités,1
actualidades,1
ad,6
ad79,1
ada,1
adab,1
adalya,1
added,1
addenda,1
additional,6
additions,3
adias,1
admin,1
administration,1
administrative,26
adoranten,1
adriatica,1
ads,1
advance,1
advances,1
adventure,1
aedon,1
aegaeum,2
aegaron,1
aegean,10
aegeobalkan,1
aegeus,2
aegypten,1
aegypti,1
aegyptia,1
aegyptiaca,2
aegyptiacarum,1
aegyptiae,1
aegyptischen,1
aegyptium,1
aeliana,1
aemilia,1
aequora,2
aera,2
aeragram,1
aerial,2
aestimatio,1
aethiopica,1
aevi,2
afaq,1
affini,1
afghanistan,1
afo,1
africa,6
africaine,2
africaines,2
african,2
afroasiatic,1
after,1
afterlife,1
agade,1
age,10
agency,1
agendasetting,1
ager,2
ages,2
aggregator,4
aggregators,1
agitating,1
agora,4
agricultural,1
agriculture,2
agsl,1
aia,6
aiacnews,1
aias,1
aids,1
aigis,1
aigyptos,2
aintzinari,1
aitia,2
aja,8
akamas,1
akkadian,7
akroterion,1
aksum,1
aktc,1
al,4
alaliya,1
alberca,1
albright,1
album,3
alderman,1
aleppo,1
alexander,1
alexandria,2
alexandrin,1
alexandrine,1
alfred,1
algérie,1
alice,1
alishar,1
aljaranda,1
all,4
allunion,1
alma,1
almanack,1
almatourism,1
almatḥaf,1
almiṣrī,1
almudayna,1
alphabetical,2
alpheios,2
alrafedain,1
altai,1
alten,1
alterthumswissenschaft,1
altertums,1
altertumskunde,2
altertumswissenschaft,2
altertumswissenschaften,5
altertümer,1
altoaragoneses,1
altos,1
altphilologenverband,1
altägyptische,1
alumni,2
alétheia,1
am,1
amar,25
amarna,7
ambers,1
ameel,1
amelia,1
america,5
american,24
amheida,3
amigos,2
amin,1
amir,1
amirani,1
amis,2
amman,1
amores,1
amphitheatrum,1
amphora,1
amphorae,1
amphoras,1
amphores,4
amphoreus,1
amphorologique,1
amuq,1
an,22
anabases,1
anacreontics,1
anadolu,2
anais,1
analecta,7
analele,1
anales,2
analysis,3
analytical,1
analytique,1
anastasios,1
anatolia,1
anatolian,2
anatolias,1
anatolica,1
anatolicum,1
anatoliennes,2
ancaster,1
ancien,1
ancienne,5
anciennes,5
anciens,3
ancient,201
ancientplanet,1
and,318
andrea,1
andrews,1
andré,1
ane,2
anecdota,1
anemmaco,1
anfore,1
animal,3
anistoriton,1
ankara,2
ankh,2
anmal,1
anmed,1
annales,7
annali,3
annals,1
annis,1
anniversary,2
annotated,2
announced,2
announcement,5
announcementcall,1
announcing,5
annuaire,4
annual,24
annuale,1
annuels,1
annuus,1
another,3
ans,1
antesteria,1
anthrojournal,1
anthropobotanica,1
anthropological,8
anthropologie,1
anthropologies,1
anthropology,16
anthroponymes,1
anthroponyms,1
anthropozoologica,1
antica,2
antiche,2
antichi,2
antichistica,1
antichità,2
antico,3
antiga,4
antigo,1
antigua,9
antiguidade,2
antiguidadee,1
antiguitat,1
antiguo,3
antigüedad,1
antigüedad,4
antigüidade,1
antike,7
antiken,1
antikythera,1
antinoupolis,2
antioch,1
antiqua,11
antiquaires,1
antique,9
antiques,4
antiquis,1
antiquitatis,2
antiquitatum,1
antiquites,1
antiquities,16
antiquity,26
antiquité,1
antiquités,5
antiquorum,1
antiquum,2
antiquus,1
antiqva,1
antiqvvm,1
antiqüedad,1
anti­qua,1
antlitz,1
antoninus,1
antrocom,1
antropologiaarkeologia,1
antropología,2
antípoda,1
anuală,1
anuari,1
ap,1
apa,1
apaame,1
apd,1
apgrd,1
aphrodisias,1
aphrodito,1
apocalíptica,1
apocryphon,1
apollinaris,1
apolline,1
apologies,1
apostolica,1
app,3
applications,1
approaches,2
april,4
apulensis,2
apulum,1
apuntes,1
aquae,1
aquarum,1
aquileia,1
ar,1
ara,3
arab,1
arabe,2
arabes,1
arabia,5
arabian,7
arabic,11
arachne,4
arachnion,1
aramaic,4
aramaica,1
aramaico,1
aramco,1
arastirmalar,1
araştırma,1
araştırmaları,2
arbeit,1
arbeitsgemeinschaft,1
arcane,1
archaeobios,1
archaeobotanical,2
archaeolandscapes,1
archaeologia,3
archaeologiae,1
archaeologica,10
archaeological,96
archaeologicaltracesorg,2
archaeologici,1
archaeologik,1
archaeologist,1
archaeologists,2
archaeology,150
archaeologycoursesorg,1
archaeologys,1
archaeomalacology,1
archaeomaterials,1
archaeometry,3
archaeomineralogy,1
archaeonautica,1
archaeoseek,1
archaeozoology,1
archai,1
archaic,2
archaiologikē,1
archatlas,2
archaïque,1
archäologie,1
archäologische,1
archbase,1
archeoarte,1
archeologia,18
archeologica,5
archeological,1
archeologické,1
archeologico,1
archeologiques,1
archeology,2
archeomafie,1
archeomatica,1
archeomedia,1
archeometriai,1
archeomolise,1
archeorivista,1
arches,1
archéologique,2
archibab,6
archimage,1
archimedes,2
architectural,2
architecture,6
architettura,1
archiv,2
archival,4
archive,52
archived,1
archives,32
archivio,2
archivo,2
archivum,3
archnet,1
archäologie,6
archäologische,2
archäologischen,2
archäologisches,2
archéographiques,1
archéogéographie,1
archéologie,4
archéologies,1
archéologique,17
archéologiques,4
archéonil,1
archéopages,1
archéosciences,1
arctos,1
are,4
areas,1
arena,1
argentina,1
argolid,1
argos,1
arguments,1
arheografski,1
arheologice,3
arheologie,3
arheologieistoriemuzeologie,1
arheologija,1
arheologiju,1
arheološki,1
arheološkog,3
arheovest,1
ariadne,2
arisc,1
aristarchus,1
aristonothos,1
arit,1
arizona,2
ark,1
arkeologlar,1
arkeoloji,4
arkeolojik,2
arkeometri,1
arkeopark,1
arkeos,1
arkeotek,1
arkheologiyot,1
arma,1
armas,1
armed,1
armenia,1
armenian,2
aroura,2
arqueologia,6
arqueología,1
arqueología,25
arqueològica,1
arqueológicas,1
arqueológico,2
arqueomurcia,1
arqueouca,1
arqueoweb,1
arquitectura,3
ars,1
arscan,2
arshama,1
arslantepemalatya,1
art,32
arta,1
artamonoff,1
arte,4
artefacts,1
artes,1
arthur,1
arti,1
articles,12
artifacts,1
arts,3
artstor,5
arys,1
as,8
asae,1
ascsa,4
asdiwal,1
asfar,1
ashkelon,1
ashurnasirpal,1
asia,8
asiae,1
asian,9
asiatic,1
asiatica,1
asiatiques,1
asiatische,1
asie,1
asmosia,1
asociacion,1
asociación,1
asor,17
asors,1
aspro,1
asseria,1
assets,1
assikka,1
assistance,1
associates,2
association,31
associations,2
associazione,1
assyria,2
assyrian,9
assyriennes,1
assyriological,2
assyriologiques,2
assyriologists,1
assyriology,1
assyrobabylonienne,1
astene,1
astrological,1
astronomy,1
aséanie,1
at,122
atene,1
athanasius,1
athar,1
athena,1
athenian,4
athenians,1
athens,15
atherya,1
atla,1
atlas,18
atlánticamediterránea,1
attalus,1
attested,1
atti,2
attic,3
attica,1
attinger,1
attische,1
attività,1
au,8
auction,1
auctores,1
auctorum,1
audio,3
audiovideo,1
auf,1
augustae,1
augustan,1
augustiniennes,1
aula,2
aura,1
aural,1
aus,6
ausgewählte,1
ausgrabungen,3
ausgrabungsprojekt,2
australasian,1
australian,3
auteurs,1
authorities,1
authority,2
authors,4
automatique,1
autónoma,1
auxiliary,1
available,8
avalon,1
avant,1
avestan,1
avi,1
aviv,1
award,1
awol,11
axis,1
aylward,1
ayyoubides,1
azerbaijan,2
azoria,1
b,2
babelao,1
babylon,2
babylonia,1
babyloniaca,1
babylonian,7
back,1
backdirt,1
backlist,16
backup,1
bactria,1
bactriane,1
bad,1
baex,1
baghdad,1
bagl,1
bahriyat,1
baih,1
baked,1
baker,1
balkan,2
balkaniques,2
balkanologie,1
balneorient,1
banatului,1
bank,4
banque,2
barack,1
barcinoensis,1
barcinonensis,1
barrington,1
bas,1
base,5
based,1
basel,2
bases,1
basilica,1
basor,2
bastan,1
bayerische,1
bayesian,1
bbr,1
bc,3
bcnh,1
bdtns,2
be,3
bearbeitung,1
beatty,1
beauvais,1
beazley,1
beck,1
becomes,1
beds,1
before,3
beginning,2
beginnings,1
behemoth,1
beinecke,1
beiträge,2
belge,1
bell,1
belleslettres,4
belonged,1
ben,1
benaissas,1
benefit,1
bengal,1
beni,3
benno,2
benthos,1
berenike,1
berger,1
berichte,1
berkeley,2
berlin,6
berliner,3
bern,1
bernard,1
berol,1
berolinenseargentoratense,1
bes,1
best,2
beta,2
beth,1
between,4
beycesultan,1
beyond,5
bezae,1
bezeugten,1
bg²,1
bha,2
biae,1
biasa,2
bibar,1
bibelgesellschaft,1
bibellexikon,1
bibiography,1
bible,16
biblia,1
biblica,2
biblical,26
biblicalstudiesorguk,1
biblicists,1
biblicum,1
biblijski,1
biblindex,1
bibliographia,1
bibliographic,2
bibliographical,2
bibliographie,3
bibliographies,14
bibliographique,2
bibliographische,1
bibliography,29
bibliográfico,1
biblioteca,5
bibliotheca,7
bibliothek,1
bibliotheque,1
bibliothèque,1
biblique,2
bibliques,1
bica,1
bifao,2
big,1
bild,1
bildi,1
bilimler,2
bio,2
bioarchaeology,1
biological,1
bioscs,1
bipab,1
bir,1
birds,1
birmingham,3
birthday,2
bisanzio,1
bismaya,1
bites,1
bizantinística,1
black,6
bler,1
blog,9
blogger,1
blogiversary,1
blätter,1
bm,1
bmcr,1
bmsaes,3
bnj,1
bns,1
board,1
boatwright,1
bodleian,3
bodmer,1
boeotia,1
bogazkoy,1
bois,1
boletín,1
boletín,7
bollettino,7
bolskan,1
bonecommons,1
bonn,1
bonner,2
book,32
books,31
borbonico,1
borea,1
boris,1
born,1
bosphore,1
bosporan,1
bosporus,2
boston,2
botoşani,1
boubon,1
bowl,1
bowls,1
boğazköytexten,1
braccis,1
braidwoods,1
brak,1
brasil,1
brasileira,1
breaking,1
bridge,1
brills,1
brindisine,1
bristol,1
britain,5
british,33
bronze,5
brooklyn,3
brown,1
browser,2
brukenthal,1
brunensia,1
brunner,1
bruyère,1
brèves,2
bsaa,1
bseaa,1
bsfe,1
buch,1
buddhica,1
buddhist,4
budé,1
builders,1
building,3
buletinul,3
bulgaria,1
bulgarian,1
bulletin,74
bulletins,1
bullettino,1
bullletin,1
bundle,1
buruzko,1
busters,1
but,2
by,13
byblos,2
byrsa,1
bysantinska,1
byu,1
byzantina,2
byzantine,19
byzantines,1
byzantinists,1
byzantion,1
byzantium,3
c,1
caa,1
caari,1
caballos,1
cachette,1
caelestes,1
caere,1
caesaraugusta,1
cagliari,1
cahier,1
cahiers,13
caire,2
cairn,1
cairo,6
calcolatori,1
calendar,2
california,5
call,7
calligraphies,1
callythea,1
cambridge,4
camena,1
camenae,1
camnes,1
campbell,3
campā,1
cams,1
can,1
canada,1
canadian,3
canadienne,1
canadiobyzantina,1
cange,1
canon,2
canonique,1
cantiere,1
canvass,1
capidava,1
capitale,1
capitolina,1
cappellis,1
capture,1
caravan,1
card,1
careers,1
carlsberg,1
carte,1
cartographic,1
cartography,1
carved,1
case,3
cassel,1
cassinati,1
cassiterite,1
castro,1
catacomb,1
catalana,1
catalans,1
catalog,4
cataloging,1
catalogs,1
catalogue,21
catalogues,4
catalogus,1
catalonia,1
catherine,1
catholica,1
catullus,1
caucasiologists,1
caucasus,1
caucus,1
cbrl,1
ccb,1
cdli,33
cdln,2
cedae,1
cedaecnrs,1
cedopal,3
cefael,1
cehao,2
ceipac,1
celtic,3
census,1
centcoms,1
centenary,1
center,22
centers,1
centopagine,1
central,6
centre,18
centro,1
century,3
cerafim,1
ceramic,1
ceramics,3
cercano,1
cercetări,3
cercetărilor,1
cercle,1
cercurilor,1
ceroart,1
cerri,1
certo,1
cesras,1
ch,1
champollion,1
change,2
changes,1
channel,2
chant,1
characters,1
charles,1
charred,1
check,1
checklist,1
chersonesos,1
chersonessitana,1
chester,1
chicago,15
chilena,1
chileno,1
china,2
chinese,6
chogha,1
choice,1
christian,5
christiana,2
christianity,7
christianization,1
christianorum,2
christians,1
christine,1
christliche,1
christlichen,1
chronicle,1
chronicles,2
chronika,2
chronique,5
chroniques,2
chronographic,1
chronologie,1
chronology,2
chronozones,1
chrétien,1
chs,1
church,2
cibyratis,1
cicéron,1
científica,1
cil,2
cimmerian,2
cimmérien,1
cincinnati,1
cipeg,1
circaea,1
circe,1
citadels,1
citation,2
citations,1
cited,1
city,4
cités,1
civico,1
civil,1
civilisation,2
civilisations,2
civilisée,1
civilization,9
civilizations,1
civique,1
civitate,1
ciwa,1
ciència,1
claremont,3
claros,3
class,2
classe,1
classic,1
classica,13
classicae,1
classical,57
classici,1
classicist,4
classicists,3
classicorum,2
classics,28
classics@,1
classicsl,1
classicsstuff,1
classicsteachingcom,1
classicum,1
classique,2
classiques,1
clauss,1
clavis,1
clay,1
clásicas,1
climate,2
cloelia,1
closed,1
clàssic,1
clàssica,1
clásica,4
clásico,2
clásicos,5
clássica,2
clássicos,4
cms,1
cnans,1
coastland,1
codex,6
codicibus,1
codicology,1
coffin,1
cognate,3
coimbra,1
coin,3
coinage,3
coinprojectcom,1
coins,5
colgate,1
collaboration,4
collaborative,4
collaboratory,1
collana,2
collapse,1
collated,1
collectanea,2
collecting,1
collection,45
collectionneur,1
collections,36
college,4
colleges,1
collegium,1
collezionismo,1
colloquium,1
collège,1
cologne,1
colour,1
columbia,1
coming,10
comité,1
comment,1
commentaires,1
commentaries,2
commentary,3
commerce,1
commission,2
committee,2
common,1
commonly,1
commons,2
communicating,1
communication,7
communities,2
community,4
como,1
compact,1
companion,5
comparada,1
comparative,2
competition,1
complete,5
completed,1
complutense,1
composite,1
comprehensive,4
comprising,1
compte,1
comptes,1
comptesrendus,2
computational,1
compute,1
computer,3
computeraided,1
computers,2
computing,4
comunicaciones,1
comunicazione,1
conceptual,1
concernant,1
concerning,1
concise,1
concordance,3
conducted,1
conducting,1
cones,3
conference,23
conferences,1
conflict,2
congregations,1
congress,4
connected,2
connections,2
connectivity,2
conservation,12
considerazioni,1
consortium,1
constantine,2
constellations,1
constitution,1
contemporary,1
content,29
context,11
contracts,1
convegno,1
conversation,1
convert,1
converter,1
convivium,1
cool,1
cooperation,1
cooperative,1
copernici,1
copte,2
coptes,1
copti,1
coptic,8
coptica,3
coptici,1
copticorum,1
coptr,1
coranicum,1
core,1
corfu,1
corinth,1
corinthian,1
corona,1
coroplastic,1
corpora,1
corpus,37
corpusbasierten,1
correction,3
correspondance,1
corrigenda,1
corse,1
corsi,1
cosa,1
cosmic,1
cosmos,1
cota,1
cotsen,3
coulson,1
council,5
counterfeit,1
countries,1
couple,2
course,1
courses,1
coverage,1
cphcl,1
cradle,1
crane,1
creative,1
cretan,1
crete,3
crimea,1
crisia,1
crisis,1
cristianismo,1
cristã,1
critical,4
criticism,1
critique,1
croa,1
croatia,1
croatiae,1
croatian,2
croatoaegyptica,1
cronica,1
cross,1
crowdsource,2
crowdsourcing,2
cruches,1
crypts,1
crític,1
csa,3
csai,1
csbsscéb,1
csco,2
csl,1
csntm,2
ct,1
cuadernos,7
cuciurpulafr,1
culbertson,1
culte,1
cultivation,1
cultura,6
cultural,28
culturale,1
culturali,3
culture,12
cultures,5
cuneiform,33
cunliffe,1
cupauam,1
cura,1
curators,1
current,10
cyberinfrastructure,3
cypriot,1
cypriote,1
cyprus,4
cypsela,1
cyrus,1
czasopismo,1
czech,1
céramique,1
céramologie,1
céramologique,2
céramologues,1
céréales,1
d,1
da,3
dacia,2
dactivités,1
dai,6
daily,1
dakhleh,1
dalexandrie,1
dalger,1
dalmatian,1
dalmatinsku,1
dam,1
damage,1
damas,1
damqãtum,1
dams,1
damseg,1
danalyse,1
danatole,1
danici,1
danish,2
dans,5
danthropologie,1
daphne,1
darcheologie,1
darchéologie,1
darchéologie,11
darchéométrie,1
dariah,1
dark,2
darmc,1
darqueologia,5
dart,1
darteurope,1
das,4
dasi,1
dasie,1
dassyriologie,1
data,34
databank,1
database,73
databases,6
datasets,1
date,1
datenbank,4
datenbanken,1
dathènes,2
dating,1
dattier,1
datés,1
davies,1
day,4
dc,1
dc3,1
de,267
dead,4
death,1
debate,2
debates,1
decipherment,1
decorative,1
deestudios,1
defixionis,1
degli,3
degypte,1
degyptologie,2
dei,2
deir,1
deities,1
del,31
delhi,1
delivered,1
della,9
dellacqua,1
dellantichità,2
dellassociazione,2
delle,3
delluniversità,3
delos,1
delphini,2
delta,2
deltion,2
delwen,1
dem,2
demetrios,1
demircihüyük,1
democracy,1
demofragmentarytextsorg,1
demonology,1
demons,1
demonstrator,1
demotic,7
demotisch,1
demotistische,1
den,3
denarii,1
dencyclopédie,2
dendara,1
denkmäler,2
dental,1
denver,1
deoque,2
department,3
departments,1
deposit,1
der,31
derecho,2
dergisi,6
derneği,1
derveni,1
des,76
designing,1
destruction,1
destudis,1
deuteronomy,1
deutsche,3
deutschen,4
deutsches,1
deutschsprachigen,1
development,1
devices,1
devoted,1
dextrêmeasie,1
dezember,1
dhistoire,11
dhistòria,1
di,51
diachronic,1
dialect,3
dialnet,1
dialogues,2
diane,1
diaries,1
diaspora,1
diccionario,3
dickinson,2
dictionaries,1
dictionary,14
dictynna,1
didaktik,1
didaskalia,1
didymoi,1
didáctica,2
die,4
diff,1
difficilior,1
difusió,1
dig,1
dighouses,1
digi20,1
digimom,1
digipal,1
digital,176
digitale,5
digitales,1
digitalia,2
digitalisierte,1
digitalisierungszentrums,1
digitalizzati,2
digitar,1
digitial,1
digitisation,3
digitised,3
digitization,6
digitized,25
digitzation,1
digizeitschriften,2
digressus,1
digsight,1
dike,1
dikili,1
dime,1
din,1
dindex,1
dinformation,5
dio,2
dionysus,1
dioscorus,1
dioses,1
dipartimento,2
dipir,1
diplomacy,1
diplomatic,1
directories,2
directory,2
diritto,6
diritto@storia,1
disaster,1
discente,1
disciplines,1
discontinued,1
discovered,1
discussed,1
diseases,1
dissertation,3
dissertations,17
distant,1
distribution,1
ditalia,1
dittenbergervahlen,1
diversity,1
divination,1
divine,1
divinités,1
dixit,1
diyala,1
diyarda,1
djeser,1
dm,1
do,7
doab,1
doctorado,1
doctoral,1
doctoranzilor,1
document,2
documenta,2
documentaires,1
documentary,1
documentation,5
documents,9
dogmatische,1
dokumentologie,1
dolgopolskys,1
domesticating,1
données,4
donum,1
doran,1
doro,1
dorothy,1
dossiers,1
download,1
downloadable,1
dozen,1
dr,1
drama,1
drawings,1
dresdensis,1
drevnee,1
droit,1
droits,2
društva,1
dsa,1
du,38
duke,2
dulmpresses,1
dumbarton,8
dunhuang,1
duniversité,1
duraeuropos,1
duration,1
durham,2
during,1
dust,1
dvctvs,1
dwellers,1
dynamics,2
dynastic,1
dynasty,2
déchanges,1
dégypte,1
dégyptologie,2
détude,2
détudes,6
dāmos,1
dēmos,1
e,36
eachtra,1
eagle,1
earchiving,1
earlier,1
early,32
earth,9
earthen,1
east,39
eastern,15
ebaf,1
ebla,5
ebook,3
ebooks,2
ebulletin,1
ecclesiasticorum,2
ecodices,1
economic,1
economy,2
econservation,1
ecorpus,1
ed,2
edcs,1
edenda,1
edfu,1
edfuprojekts,1
edh,1
edited,2
edith,1
edition,7
editions,6
editor,1
editorial,2
editorik,1
editors,3
editorum,1
education,1
educational,2
educators,1
edward,2
edwards,1
eef,2
eefs,2
ees,1
effectués,1
eg,1
egea,1
egipto,1
egiptología,2
egizio,1
egypotological,1
egypt,41
egyptian,27
egyptien,3
egyptological,12
egyptologické,1
egyptologue,1
egyptology,17
ehud,1
eikasmos,1
ein,1
einer,1
ejars,1
ejiputogaku,1
ejournal,6
ejournals,1
ejrs,1
ekeltoi,1
ekitap,2
ektobe,1
el,5
elamita,1
electra,1
electronic,22
electronica,5
electrum,1
electryone,1
electrónica,3
elektronische,2
elektronisches,1
elephantine,1
eletrônica,3
elettronica,1
eleusis,1
eleven,3
elhammam,1
elibrary,1
eliminate,1
eljimal,1
ellenico,1
ellenistico,1
ellōz,1
elmedina,1
elwizz,1
em,2
email,2
emanuel,1
emar,2
emek,1
emendations,1
emergence,1
emergency,3
emerging,7
emerita,1
emirates,1
emonograph,1
emperors,1
empire,9
empúries,1
en,28
encoded,1
encoding,1
encyclopaedia,5
encyclopedia,8
encyclopædia,1
encyclopédie,1
end,1
endberichte,1
endnote,1
enews,3
enewsletter,1
enewsletters,1
engage,1
engagement,1
engendering,1
english,2
engramma,1
engravin,1
enhance,1
enhanced,1
enhancement,1
enhancements,2
enhancing,1
enim,1
enjoy,1
enkomi,1
enoch,1
enrique,1
entangledreligions,1
entirely,1
entrepôts,1
environment,5
environmental,2
eos,2
ephemeris,1
ephesia,1
ephorias,1
ephēmeris,1
epiclèses,1
epics,1
epidoc,1
epigrafici,1
epigram,1
epigraphic,6
epigraphica,4
epigraphik,2
epigraphikdatenbank,1
epigraphischen,1
epigraphy,9
epigráfico,1
epistles,1
epistula,1
eploring,1
eprints,1
epsd,1
epublications,1
epublish,1
equipment,1
er,1
era,2
eran,1
eras,1
erat,1
ercolanese,1
eresources,1
ereview,1
erforschung,1
ergalogoi,1
eric,1
eridanos,1
ernout,1
ernst,3
errata,1
eruditio,1
erytheia,1
erzherzog,1
esasanika,1
escience,1
esotericism,1
espacio,2
españa,1
español,2
española,1
essays,2
establishments,1
estonian,1
estrat,1
estudios,13
estudos,8
esylum,1
et,80
etana,4
etd,1
eteokphtika,1
etheses,1
ethnographiques,1
ethnography,1
ethos,2
etnografya,2
etopoi,1
etruscan,4
etudes,2
eugesta,1
eugène,1
eumenides,1
eupdate,1
euphrate,1
euphrates,1
eurasian,1
euratlas,1
euripides,1
europe,3
european,1
europeana,1
européen,1
ev,2
evagrius,1
evaminerva,1
evangelical,3
evangelischen,1
evans,1
even,1
every,1
evolution,1
ex,3
examining,1
exarc,1
exa­mina,1
excavation,8
excavations,14
excellent,1
excerpta,1
execrable,1
exemplaria,1
exeter,1
exhibit,1
exhibition,10
exhibitions,1
exhibits,1
exile,1
exodus,1
expedition,4
experience,1
experiment,1
experimental,2
exploration,7
explorations,1
explorator,1
explore,1
explorer,1
explorers,3
explorée,1
expositions,1
extensible,1
extra,2
extracting,1
extrêmeoccident,1
extrêmeorient,1
eδialogos,1
facebook,1
facem,1
fachbibliothek,4
facilitating,1
facoltà,1
facsimile,1
facsimiles,2
facts,1
facultad,1
faculty,2
failaka,1
family,1
far,1
farabi,1
fascicle,1
fassung,1
fasti,2
fastionline,1
fauna,2
faventia,1
favre,1
fawakhir,1
fayoum,1
feature,1
federated,1
feed,4
felde,1
felix,1
feminist,1
femmes,1
femminile,1
fennica,1
fennoscandia,1
fera,1
few,1
fezana,1
ff,1
fgp,2
ficheiro,1
fictions,1
fides,1
field,2
fieldiana,1
fieldnotes,1
fieldwork,3
fifty,1
figura,1
figurines,2
files,3
film,9
films,1
filologia,3
filologiche,1
filologiczne,1
filologicznego,1
filología,1
filología,6
filosofia,3
filosofía,1
filosóficos,1
final,1
finding,1
findings,1
finds,2
fine,1
fingerprints,1
fiorentina,2
fire,1
firefox,1
firenze,1
firin,1
first,4
five,2
flashcard,1
flickr,6
flora,2
florilegium,1
fluency,1
foldr,2
folia,2
folio,1
fondation,4
fondo,1
fontes,1
footage,7
for,163
forgeries,1
form,1
forma,3
formal,1
formas,1
formerly,3
forming,1
forms,1
fornvännen,2
forschukngsprojekt,1
forschungen,2
forschungsstätte,1
forthcoming,3
fortification,1
forum,18
fouilles,4
foundation,8
founders,1
four,2
fourth,1
fourthcentury,1
fragmentary,2
fragments,1
framing,1
francais,1
france,4
franchecomté,1
franciscan,1
francoouzbèque,1
francorum,1
frank,1
frankfurt,1
frankfurter,1
frantiq,1
français,11
française,14
free,13
fremden,1
french,2
friedberg,3
frieze,1
from,163
fruition,1
frühen,1
frühgeschichte,1
frühgeschichtlichen,1
fs,2
fuentes,1
fulltext,2
fund,4
fundación,1
funding,1
funds,1
funerary,3
funéraire,1
funéraires,1
futhark,1
futuro,1
für,3
fächer,1
fédération,1
fòrum,1
für,17
g,2
gabii,1
gaia,2
gall,1
gallaecia,1
galle,1
gallegos,1
gallia,2
gallica,3
galloromain,1
galloromaines,1
game,1
games,2
gans,1
gapvis,1
gargola,1
garis,1
garrod,1
gaston,1
gateway,3
gaule,1
gauloise,1
gazette,1
gazetteer,2
gaziantep,2
gaîa,1
gcs,1
gdz,1
gebel,1
geconservación,1
geldgeschichte,1
gems,2
genava,1
gender,1
gene,1
genealogy,2
general,2
generation,1
geneva,1
genizah,5
gennadeion,1
genève,2
geoarchaeological,1
geoarchaeology,3
geochronometria,1
geodia,1
geographic,1
geographical,1
geography,2
georg,1
george,2
georges,1
georgia,1
georgian,1
geospatial,1
gerda,1
german,3
gershom,1
gertrude,1
gesellschaft,4
get,1
getty,7
gilsoniana,1
ginouvès,1
gis,5
giza,8
gladius,1
glasnik,1
glass,1
gli,1
global,5
globalization,1
glos,1
gloses,1
glossarium,2
glossary,3
glossator,1
glosses,1
glotz,1
glueck,1
glyph,1
glyphs,1
glyptothèque,1
gnomon,2
gnostic,1
go,1
goddesses,1
godmys,1
gods,4
goes,2
going,2
golb,1
golden,2
good,2
goodspeed,1
google,14
gordion,2
gospel,3
gouden,1
goussen,1
gradhiva,1
graditeljstvo,1
graduate,2
gradus,1
graeca,3
graecae,9
graecoarabica,1
graecolatina,2
graecorum,2
graffiti,3
grains,1
grammar,3
grammars,1
grammata,1
grammatical,1
grammaticorum,1
gramáticos,1
granada,1
grand,1
grandegrèce,1
graphic,1
graphiques,1
grbm,1
grbs,1
great,2
grec,1
greca,1
greco,1
grecolatina,1
grecolatino,1
grecoroman,5
grecque,2
grecques,3
grecs,2
greece,7
greek,57
greekandlatinucl,1
greeks,1
gregory,2
grey,1
grid,1
griechisch,2
griechischen,1
griega,2
griego,1
griegoespañol,2
griegos,1
griffifth,1
griffith,10
grips,2
groningen,1
ground,1
group,17
groupe,2
grpop,1
gruyter,1
græcoarabicum,1
grèce,1
grécoromain,2
grécoromaine,2
guerreros,1
guide,7
guidebooks,1
guidelines,1
guides,1
guillaum,1
gurob,2
gustave,1
général,1
générale,1
géographie,2
göteborg,1
göttingen,1
göttinger,3
h,2
h2,1
haatti,1
habis,1
habu,4
hadashot,1
hadrians,2
haemus,1
hagiography,2
halaf,1
hall,2
halle,1
hallesche,2
hallisches,1
haluka,1
halvo,1
hammadi,2
hamoukar,2
handbook,1
handbuch,1
happy,3
harbour,1
harem,1
haremhab,1
harley,1
harvard,2
hathi,1
hathitrust,1
hatshepsut,1
hatti,1
haucaypata,1
hautes,2
have,3
hazine,1
hdtdep,1
heaven,1
hebai,1
hebraic,1
hebraics,1
hebrew,10
heidelberg,12
heiligen,1
helden,1
helladic,1
hellenic,11
hellenistic,9
hellás,1
hellénique,1
hellénistique,2
help,1
helping,1
helsinki,2
helveticum,1
henkel,1
hephaistos,1
heracleópolis,1
herakleion,1
herculanensium,1
herculaneum,4
heritage,26
hermes,1
hermetica,1
hero,1
herodotus,1
heroes,1
heroic,2
heroischen,1
herzfeld,4
hesperia,4
hesperidum,1
hestia,2
het,1
hethiternet,1
hethitologie,3
hexameter,1
heyzeus,1
hibeh,1
hierasus,1
hieratic,1
hieroglyphic,3
highlights,1
highquality,1
highresolution,1
hill,1
hillforts,1
hima,1
hindukush,1
hinterland,2
hiphil,1
hirundo,1
his,2
hispania,1
histara,1
histoire,2
historia,11
historiae,3
historians,4
historias,1
historic,2
historica,4
historical,14
histories,1
historika,1
historiografía,1
historiography,2
historique,2
historiques,3
historische,2
historischen,1
history,43
histos,1
histria,2
história,7
histórico,2
históricojurídica,1
históricos,1
hittite,6
hittites,1
hoards,3
hole,1
holy,2
holylandphotosorg,1
home,1
homer,9
homeric,2
homerum,1
hommage,1
honor,1
hoorn,1
hopkins,1
horizon,1
horizons,1
horn,3
horti,1
hortulus,1
hoskins,1
house,4
households,1
how,1
hsozukult,1
hubp,1
huehnergard,2
huehnergards,1
huelva,1
hugoye,3
humaines,1
human,3
humaniora,1
humanistic,1
humanitas,1
humanities,20
hungarian,1
hunger,1
huts,1
hybrid,2
hydraulic,1
hymns,1
hyperboreus,1
hypnos,1
hypostyle,2
hypothesis,1
hélade,1
héros,1
höyük,1
hüyük,1
ḥalabiyyazenobia,1
i,14
i182012,1
ia,2
iaa,1
iaos,1
ibaes,1
iberia,1
iberoamericana,1
ibr,1
ibrim,1
ibérica,2
icar,1
icaz,1
iccrom,1
ici,1
icom,2
icomos,1
icon,1
iconoclasm,1
iconographicum,1
iconographie,1
idade,1
idaibookbrowser,1
ideas,2
identity,1
idol,1
idp,1
ier,2
ifao,2
ifpo,1
ihre,1
ii,5
iii,4
iiiiv,1
il,5
iliad,2
ilich,1
iliesis,1
illicit,3
illinois,2
illuminated,1
illuminating,1
illuminations,1
illustrata,1
illustrated,2
im,4
image,6
images,5
imaging,4
imagining,1
imedjat,1
imeros,1
immensa,2
immergés,1
impact,2
imperfect,1
imperial,5
imperii,1
imprimée,1
improvement,1
impérial,1
impériale,1
imto,1
in,303
ina,2
inc,1
incantation,1
incontri,1
independiente,1
index,8
indian,5
indiana,1
indic,1
indica,1
indices,1
indischer,1
individual,3
indoeuropean,1
indogermanischer,1
indologica,2
indologie,1
indopacific,1
industrial,2
infimæ,1
influential,1
infoheft,1
information,8
informationen,1
informationsblatt,1
informatique,1
informatisée,1
informatisées,1
informativo,3
informes,1
infrastructure,1
iniciación,1
initiative,12
innovation,1
innovative,1
innsbruck,1
innvmeri,1
inprogress,1
inquiry,1
inrap,1
inschriften,1
inscriptifact,3
inscription,2
inscriptiones,3
inscriptions,38
inscriptionum,4
insights,1
installation,1
institut,11
instituta,1
institute,132
institutes,17
instituti,2
institutional,3
institutions,2
instituto,4
instituts,2
instituut,1
instrumenta,1
instrumentum,1
insula,1
intangible,1
integrated,1
integrating,1
integration,2
intelectual,1
interactive,3
interclassica,2
intercollegiate,1
intercultural,1
interdisciplinaire,1
interdisciplinaires,1
interdisciplinar,1
interdisciplinaria,1
interdisciplinaritate,1
interdisciplinary,6
interest,2
interested,1
interesting,4
interface,1
interférences,1
internacional,1
international,37
internationale,6
internationaux,1
internazionale,1
internet,11
internetbeiträge,1
internets,1
interpretation,2
intertextual,1
into,6
intratext,1
introduces,1
introduction,1
introductions,1
inventory,2
investigación,1
invitation,2
inédits,1
ioa,1
ios,1
ipad,2
ipce,1
ipotesi,1
iran,8
irancarto,1
irane,1
iranian,9
iranica,4
iraq,7
iraqi,2
ircica,1
ireland,2
iris,3
irish,3
is,12
isan,1
isaw,11
isimu,1
isin,1
islam,1
islamic,9
islamiques,1
islamologiques,1
island,1
islámicos,1
isotope,1
israel,11
israeli,1
israelpalestine,1
issn,2
issue,7
issues,9
ista,1
istanbul,1
istorie,3
istria,1
italiana,3
italiani,2
italica,1
italy,1
itanakh,1
ithaka,1
itia,1
itinerarium,1
its,6
iura,1
iuris,1
ius,2
iv,2
ivs,1
ix,1
i²,1
j,3
jacquesedouard,1
jahrbuch,2
jahrbücher,1
jahresbericht,1
jahresberichte,1
jahrtausende,1
janes,1
janua,1
japan,2
japanese,2
jardunaldiak,1
javascript,2
jc,1
jena,1
jerusalem,6
jes,1
jesus,3
jewish,5
jgrchj,1
jjha,1
joad,1
jobs,1
jocch,1
joconde,1
jofur,1
john,3
johns,2
jordan,3
jordanian,1
jornades,1
jornal,1
jounal,1
journal,1374
journals,74
journées,1
jscs,1
jsesh,1
jsij,1
jstor,38
jstors,1
judaic,2
judaica,2
judaicasammlung,1
judaism,4
judetean,1
judeţean,1
jungsteinsite,1
junior,1
jurn,1
just,2
jvrp,1
jérusalem,3
kaart,1
kabri,1
kadada,1
kairo,1
kalakorikos,1
kalamazoo,1
karl,1
karnak,13
kazı,1
kazıları,1
kaş,1
kāmid,1
keeping,1
keibi,1
keilschrift,1
keilschriftbibliographie,1
keilschrifttexte,1
kelsey,1
kenan,2
kenchreai,1
kenkyū,2
kentro,1
kentron,1
kerdomnel,1
kerkenes,2
kerma,1
kernos,2
kertch,1
kervan,1
key,1
khirbat,1
khirgiz,1
khmer,1
kimberly,1
kimmerierproblem,1
king,1
kingdom,4
kings,1
kingship,1
kinku,1
kiotoensis,1
kircher,1
kish,1
kissonergamosphilia,1
kit,1
kkkostsyushkovalyuzhinich,1
klassische,1
kleininschriften,1
klesarstvo,1
klinai,1
kléos,1
kmz,1
know,1
knowledge,5
known,2
kober,1
koiné,1
kokogaku,1
kom,1
kommos,1
kommunikationsstrukturen,1
konkordanzen,1
koptische,1
kosmos,1
kritische,1
kroeber,1
kropps,1
ksam,1
kubaba,1
kultepe,1
kulturen,1
kulturwissenschaft,1
kunst,1
kurdistan,1
kurtarma,1
kush,1
kuwaitislovak,1
kuyunjik,1
kyoto,3
l,3
la,65
laboratoire,2
laboratorio,2
laboratory,1
lacadémie,3
lacma,1
lacuscurtius,1
laetaberis,1
lafrique,2
lalgérie,1
lambda,1
lampeter,1
land,6
landes,1
lands,2
landsberger,3
landscape,1
landscapes,3
language,7
languages,9
languagescom,1
langues,3
lanka,1
lannuaire,1
lannée,2
lantiquité,10
lanx,1
laor,1
laphrodité,1
larchitecture,1
larchéologie,1
largescale,1
larsa,1
lart,3
lartisanat,1
lasac,1
lassociation,2
last,2
late,9
lateantique,1
latein,1
lateinische,1
lateintage,1
latelier,1
later,1
latin,24
latina,10
latinarum,5
latine,2
latini,1
latinitatis,3
latinorum,4
latinos,1
latinowl,1
latinum,1
latinus,1
lato,1
latsis,1
latín,2
launch,2
launched,2
launches,5
laura,1
laurenziana,1
lausanne,1
law,12
lawdi,5
lawrence,5
laws,1
lazio,2
lbi,1
lce,1
lcm,1
lctl,1
le,10
lead,1
leadership,1
league,1
learn,1
learned,2
lecce,3
lecole,1
lectio,1
lecture,1
leeds,1
legal,3
legitimacy,1
legrain,1
legypte,2
lehrfilm,1
leicester,1
leiden,1
leidensia,1
leilan,1
leipzig,3
leipziger,1
lellade,1
lemaire,2
lemm,1
lenski,1
leon,1
lepigraphiste,1
lepsius,1
les,20
less,1
lessertaught,1
letras,1
letter,5
letterari,2
letteratura,1
lettere,1
letters,3
lettre,4
leukos,1
levant,2
levantina,1
levantine,2
levy,1
lexica,1
lexicity,1
lexicografía,1
lexicon,9
lexikon,1
lexis,1
létude,1
liaison,1
libanius,1
liber,2
librarians,3
librarianship,1
libraries,11
library,114
libre,1
libya,1
libyan,1
libycoberber,1
libycoberbères,1
licensed,1
lieux,2
lifao,1
life,2
lifea,1
lifecycle,1
ligne,7
limc,1
limcfrance,1
limen,1
limes,2
limesdatenbank,1
limeskommission,1
limited,3
line,4
linear,2
lingua,4
linguae,7
lingue,1
linguistica,1
linguistici,1
linguistics,5
linguistik,1
linguistique,2
linked,16
linking,1
links,3
linstitut,9
lionbytes,1
list,22
listed,2
lists,4
litalie,1
literaria,1
literary,2
literatur,3
literatura,1
literature,16
literaturübersicht,1
lithics,2
littera,1
litterae,1
litterarum,1
littoral,2
littéraire,1
littérature,4
lituana,1
live,6
lives,1
living,1
liviu,1
locaux,1
locim,1
loeb,1
loebolus,1
loebs,1
lofts,1
logeion,2
london,1
long,1
longer,1
looking,1
loot,2
looted,1
looting,3
loquuntur,1
loret,2
lorient,9
los,3
lost,4
louest,1
louis,2
louisiana,1
love,1
low,1
lowell,1
lsj,2
lu,1
lucentum,1
luniversité,1
lupa,2
lupiensia,1
luwian,1
luxor,1
lycia,1
lycie,1
lyon,1
lyonnais,1
lyre,1
lécole,8
légyptologie,1
lépoque,1
léxico,1
língua,1
m,3
ma,2
maarav,1
mabbug,1
macadam,1
macedonia,1
macedonian,2
machina,1
machine,2
macquarie,2
madaba,1
made,1
madrid,2
mafto,1
magazin,1
magazine,11
maghreb,1
magia,1
magic,1
magica,1
magical,2
magis,1
magna,1
magnificentiae,1
magyar,1
mailing,4
mainake,1
mainland,1
mainz,3
maison,6
major,1
makedonika,1
malacitana,1
mallowan,1
malqata,1
mama,1
mamasani,1
man,1
management,4
managing,1
manchester,1
manchesters,1
mandaean,2
mandaic,1
mandaicorg,1
mandate,2
maney,1
manoscritti,1
mantis,1
manufacturées,1
manuscript,15
manuscripts,18
manuscrits,3
map,6
mappa,2
mappable,1
mapping,9
maps,3
marathon2500,1
marbles,1
march,2
mardu,1
mardutho,1
mare,1
marginalia,1
mari,3
marine,1
mariners,1
maritime,1
mark,1
markup,1
marq,1
marriott,1
marshak,1
martin,1
mashriq,1
masons,1
masperos,1
massaliètes,1
mastaba,1
mastabas,1
master,1
matching,1
material,7
materiale,1
materiali,2
materialien,2
materials,5
mathalmashal,1
mathematical,1
mathematics,2
matson,1
matters,1
maurice,1
max,2
maya,1
mayan,1
mcdonald,1
mcgill,2
me,1
measuring,1
mechanism,1
mecquenem,1
medarchnet,1
media,1
mediaeval,1
mediaevalia,4
medic@,1
medical,2
medicina,2
medicine,3
medicorum,1
medieval,14
medievalist,1
medievo,2
medii,2
medina,1
medinet,4
medioevo,1
mediterranean,22
mediterraneo,1
mediterránea,1
mediterráneo,1
medium,1
mediæ,1
mediæval,1
medmaps,1
meeting,3
mefra,1
megalim,1
megiddo,2
meketre,1
mela,1
melammu,2
melcherts,1
melilah,1
mellonfunded,4
melto,1
members,1
membership,1
memnonia,1
memoirs,1
memoriam,1
memorias,1
memorie,1
memory,2
memphis,1
menadoc,2
menander,1
mensuel,1
mereruka,1
meridionale,1
meroitic,1
merowe,1
mertenspack,1
mesocalc,1
mesolithic,1
mesopotamia,2
mesopotamian,6
messinese,1
meta,2
methodik,1
methodos,1
methods,2
methone,1
metis,1
metrica,1
metrics,1
metropolitan,1
michigan,4
microartifact,1
microcommons,1
micromorphology,1
micropasts,1
micénico,1
middle,31
mideast,1
migne,1
mignes,2
miho,1
mikheil,1
milecastle,1
milestone,2
milestones,1
military,2
millennium,2
mineralogia,1
minerva,2
ministero,1
minoan,3
minoans,1
minoischen,2
minor,2
minora,1
minoris,1
minos,1
mirabilia,1
mirator,1
miscellany,1
mish,1
mishnah,1
mission,10
missione,1
missouricolumbia,1
miszellen,1
mithraic,1
mitteilungen,4
mittelbyzantinischen,1
model,2
modelling,1
modern,5
moderna,1
moderne,1
modernos,1
mom,1
mon,1
monasteries,1
monasticism,1
monde,5
mondes,2
mondo,1
monete,1
mongolia,1
mongraphs,1
monnaie,1
monografías,1
monograph,4
monographic,2
monographs,14
month,2
monthly,2
montserrat,1
monument,2
monumenta,2
monumental,1
monumenti,2
monuments,12
monumentum,1
moore,1
morali,1
more,29
morgan,1
morgenländischen,1
mosaic,1
mosaikjournal,1
mosaikon,1
moscow,1
most,1
mountains,3
mousaion,1
moving,1
moya,1
moyen,1
moyenorient,1
moyenâge,1
mozia,1
msh,1
mss,2
mud,1
mudira,1
multidisciplinary,2
multifunzionale,1
multilingual,1
multiple,1
multispectral,1
multitext,5
mummies,1
mummipedia,1
mummy,2
mundi,1
mundo,2
munibe,1
munich,2
mural,2
murcia,1
murnane,1
musawwarat,1
muse,1
musei,3
museo,7
museos,1
museoses,1
museu,1
museum,64
museums,4
music,2
musical,1
musicology,1
musisque,2
musulman,1
musée,5
musées,3
muséologie,1
muzeja,2
muzeul,2
muzeului,2
münchner,1
mvsei,1
mycenaean,4
mykenischen,2
myrtia,1
mysteries,2
myth,1
mythica,1
mythologiae,1
mythological,1
mythology,2
mágicos,1
mètis,1
médecine,1
média,1
méditerranée,9
méditerranéenne,1
méditerranéennes,1
méditérranéenne»,1
mélanges,3
mémoires,6
mésopotamie,1
méxico,2
món,1
münz,1
münzblätter,1
müze,1
mār,1
măruia,1
műhely,1
nabataean,1
nabije,1
nabu,2
nag,2
nagy,2
nahum,2
names,6
nameye,1
napocensis,1
narbonnaises,1
narodnog,1
narrative,2
natacha,1
national,17
nationale,3
natural,1
naturali,1
naukratis,1
nautical,1
navi,1
navigatior,1
navigator,2
naţional,2
nea,4
near,26
nearco,1
neareastern,1
necropolis,2
nederlands,1
needed,2
needs,2
nefertary,1
negotiates,1
nei,1
neighbours,1
nekhen,1
nella,2
nelson,1
nemea,1
nemo,1
nemoonline,1
neoassyrian,5
neolatin,2
neolatina,1
neolithic,2
neolithics,1
neomandaic,1
neosumerian,2
neotestamentaria,1
nepal,1
nerik,1
neronia,1
nesbitt,1
nesos,1
nestlealand,1
nestor,3
net,1
netherlands,1
network,15
networking,1
networks,1
netz,2
netzer,1
neue,1
neugebauer,1
neuzeit,1
never,1
new,185
newlook,1
newly,51
news,80
news@asor,1
newsletter,82
newsletters,5
newspaper,1
newspapers,1
ngsba,2
nice,1
nicholas,1
nicolai,1
nihon,1
nil,1
nile,2
nilotique,2
nimrud,1
nina,1
nineveh,2
ninive,1
nino,1
niort,1
nippur,1
nis,1
no,4
nolli,1
nome,1
nomination,1
nominees,1
nomisma,3
nomoi,1
noncommercial,1
none,8
nonprofessional,1
nord,1
norica,1
normale,1
norman,2
north,4
northeast,1
northeastern,1
northern,4
northwest,3
norwegian,1
nostratic,1
nostrum,1
not,3
notae,2
notanda,1
notation,1
note,16
notebooks,1
notes,10
notices,1
noticias,1
notiziario,1
nouvelle,1
nouvelles,2
nouă,1
nova,1
november,1
now,16
nr,1
nsea,1
nt,1
ntcs,1
nubia,8
nubian,2
nubiorum,1
nubische,1
numerica,1
numidat,1
numis,1
numishare,1
numismatic,12
numismatica,3
numismatice,2
numismatics,4
numismatik,2
numismatique,1
numismatische,2
numismática,1
nummorum,1
nuntius,2
nuova,1
nvmeri,1
nvmisma,1
ny,1
n°,1
náhuatl,1
náutica,1
o,2
oa,1
oacis,1
oaks,9
oapen,1
oasis,1
oasiticum,1
obamas,1
object,2
objects,6
objekt,1
objets,1
observatoire,1
obsidian,2
occasion,1
occasional,3
occident,2
ochre,2
ocidental,1
ocr,1
ocre,2
october,1
oculuz,1
of,746
off,8
offer,1
offerings,4
official,1
offprint,1
ogni,1
ohiolink,1
oi,3
oida,1
oidoo,1
oimp,1
old,20
olgistn,1
olh,1
oliveriana,1
olympia,2
olympic,1
omne,1
omnes,1
omni,1
omnia,1
on,90
onassis,1
one,8
oneyear,1
onine,1
online,420
onlinebeiträge,2
onlinechronique,1
onlinepublikationen,1
onlinepublikationsserver,1
online»,1
onlus,1
onoba,1
onomasticon,2
ontario,1
oop,2
oosten,1
open,1576
openaccess,2
opendig,1
openedition,1
opes,1
opinion,1
opinionprovocation,1
opinions,2
oppenheim,1
opportunities,1
opus,1
opuscula,2
opvscvla,1
oqimta,1
or,5
oracc,2
oracle,1
oracula,1
oral,1
orbis,3
organ,1
organization,3
organizations,1
organized,1
orient,7
oriental,89
orientale,5
orientales,3
orientalia,12
orientalis,2
orientalium,2
oriente,8
oriented,1
orientforschung,1
orientgesellschaft,1
orients,1
orientwissenschaft,2
orientální,1
origens,1
origin,1
original,1
origine,1
origins,3
orissa,1
orontica,2
ortiz,1
oscar,1
osirisnet,1
oslo,2
osnabrücker,1
ossia,1
ostia,1
ostraca,2
ostracon,1
ostraka,2
other,2
our,3
out,1
outils,1
outstanding,1
ouvertes,1
over,2
overseas,1
ovid,3
owned,1
oxford,10
oxoniensia,1
oxyrhynchite,1
oxyrhynchus,3
oymaağaç,1
ozean,1
p,3
p@lethnologie,1
pace,1
pacis,1
packard,3
pactols,1
padis,1
pages,2
paideia,1
painted,1
paintings,1
pair,1
palace,3
palaeobalkan,1
palaeobotanica,1
palaeoecological,1
palaeography,3
palaeohispanica,1
palarch,1
palarchs,1
palatial,1
paleoanthropology,2
paleobios,1
paleodontology,1
paleographical,1
paleography,2
paleopathology,2
paleopatología,1
palestine,6
palimpsest,1
palm,1
palmier,1
palmyrena,1
palästinajahrbuch,1
paléo,2
paléorient,1
pandektis,1
panoply,1
pantheon,1
papeles,2
paper,3
papers,28
papiri,2
papirologia,2
papirologici,1
papirologico,1
papiros,1
pappal,1
pappus,1
papyri,16
papyrologica,1
papyrological,6
papyrologie,3
papyrologists,1
papyrology,5
papyrorum,1
papyrus,12
papyrusdatenbank,1
paradise,1
paraliterary,1
parchment,1
pardee,1
parekbolai,1
pari,1
parole,1
part,1
parthenon,1
parthenopea,1
parthiacom,1
parthian,1
partially,28
participants,1
participation,2
pasado,1
pascal,1
passato,1
past,13
pastor,1
pastoralism,1
pasts,1
patrimoine,2
patrimoines,1
patrimonio,2
patrimonium,1
património,1
patristic,3
patristica,1
patristics,3
patristique,2
patristiques,1
patrologia,3
patrum,1
patrystycna,1
patterns,1
paul,3
paulywissowa,2
pausanias,1
pcma,1
pdf,1
pecl,2
pedagogy,2
pede,1
pegasus,2
pegasusonlinezeitschrift,1
peitho,1
pelagios,3
peloponnese,1
peloponnesian,1
peninsula,2
penn,2
pennsylvania,5
pensamento,1
people,1
peoples,1
per,2
performance,1
performances,1
peril,1
period,4
periodicals,6
periodici,2
periodico,1
periodicum,1
periodikum,1
perish,1
persepolis,1
perseus,7
persian,1
person,1
personal,2
personen,1
persons,1
perspectives,7
perspektiven,1
persée,7
pes,1
peschke,1
pesher,1
peshitta,1
pesquisas,1
petersburg,2
petits,2
petrae,1
petras,1
petronian,1
peuce,1
peuples,1
phd,2
phi,1
philoctetes,1
philologic,1
philologica,4
philological,1
philologie,6
philologique,2
philologiques,1
philologisches,1
philologorum,2
philologues,1
philologus,1
philology,4
philosophers,1
philosophes,1
philosophical,3
philosophiques,1
philosophy,5
philoxenos,1
philpapers,1
philía,1
phoenicianpunic,1
photo,4
photogrammetry,1
photograph,2
photographic,3
photographiqes,1
photographs,4
photographsproject,1
photography,2
photos,1
photostream,5
photostreams,1
phrase,1
phronimon,1
picks,1
pictureit,1
pictures,2
picturing,1
pietro,1
pilgrimage,1
pillets,1
pilot,1
pinakes,1
pinax,1
pintura,2
piot,1
pisa,1
pitt,1
pius,1
place,2
placemarks,1
placenames,1
places,5
plain,1
plains,1
plakias,1
planck,1
plant,2
plastercast,1
platform,2
plato,1
platonic,1
platos,1
playing,1
pleiades,10
plekos,2
plgo,1
plugin,1
pluridisciplinaire,1
plêthos,1
po,1
podcast,3
podcasts,4
poems,1
poesia,1
poeti,1
poetica,1
poetry,2
poggio,1
pogledi,1
policy,1
polis,1
polish,4
political,4
politics,1
poll,2
polona,1
polonsky,1
polychromy,1
polymnia,4
polytonic,1
políticas,1
pomoerium,1
pompeii,6
pompeiiana,1
ponent,1
pontica,1
ponticus,1
poorly,1
popular,3
por,1
porphyra,1
portable,1
portail,1
portal,11
portraits,1
ports,3
portugal,2
portugalia,1
posnaniensium,1
possession,1
possible,1
post,1
postgraduate,1
potmarkegyptcom,1
potsdamer,1
potsherd,2
potters,1
pottery,5
pour,5
povijesni,1
povijest,1
power,3
poétique,1
poétiques,1
pqdt,2
practice,3
practices,2
practitioners,1
praehistorica,2
praehistoricae,1
praesentia,1
pragmatic,1
prague,1
pratique,2
pravo,1
praxis,1
prayers,1
prazské,1
precapitalistas,1
precolombino,1
precolumbian,1
prehispánica,2
prehistoria,7
prehistoric,4
prehistory,5
prehistòria,2
preisendanz,1
preislamic,1
preistoria,1
preistorie,1
prepared,1
preprint,2
preprints,3
prepublication,1
present,2
presentation,1
presentations,2
presente,1
presented,2
preservation,5
preserved,1
president,1
prespectives,1
press,6
presse,2
pretiosa,1
pretoria,1
preview,1
previously,1
prépharaoniques,1
prilozi,2
prima,1
primary,1
primers,1
princeton,2
princetonstanford,1
principles,1
printing,1
prints,1
priscian,1
prisoners,1
prize,2
problem,1
proceedings,17
procheorient,5
production,1
productions,1
professional,1
progetto,2
program,10
programa,1
programme,1
programs,2
progress,2
proiel,1
project,103
projects,8
projekt,2
projet,1
promare,1
prometeo,1
prometheus,1
promising,2
promotes,1
promoting,1
promotion,2
pronetos,1
property,1
propiedad,1
proposal,1
propylaea,1
propylaeum,3
propylaeumdok,1
proquest,2
prosop,1
prosopographia,3
prosopographie,2
prosopographies,1
prosopography,3
prosvjeta,1
protagoras,1
protect,1
protecting,1
protection,2
protestant,1
proto,1
protohistoire,1
protohistòria,1
prototype,2
proust,1
provenance,2
provides,1
province,3
provinces,1
provincial,2
proyecto,1
próximo,1
préhistoire,1
préhistoires,1
préhistorique,4
préhistoriques,1
préromaine,1
présent,1
présentés,1
prêtres,2
próximo,1
psaltiki,1
pseudepigrapha,1
pseudodionysius,1
psionline,1
ptolemaic,1
ptolemaica,1
ptolemy,1
pubblicazione,1
pubblicazioni,1
public,5
publica,1
publication,23
publications,77
publicaţie,1
publicly,2
published,1
publisher,1
publishers,1
publishing,4
punica,1
pylakoutsopetria,1
pyle,1
pyramid,3
pyramids,1
pythagoras,1
qasr,2
qatna,1
qtvr,1
quaderni,2
quaderns,2
quadrimestrale,1
quadriporticus,1
quantifying,1
quantitative,2
quarry,1
quarryscapes,2
quarterly,5
quartier,1
quaternaria,1
quaternary,1
queensland,1
querying,1
questions,1
quintana,1
quotations,1
quranic,1
rabbinic,1
raccolta,1
radiocarbon,2
radiological,1
radova,1
radovi,1
rainer,1
ram3d,1
rambi,1
rambova,1
ramesseum,1
ramo,1
ramses,1
rapid,1
rapporti,1
rapports,2
rare,1
rariora,1
ras,1
rasenna,1
ratar,1
raumwissen,1
raw,1
rawi,1
raydān,1
raymond,1
rbl,1
rdfxml,1
read,1
reader,2
reading,4
real,1
realities,2
reality,1
rebus,1
recent,9
recentioris,1
reception,5
receptions,1
recepção,1
recherche,2
recherches,3
rechts,1
rechtsgeschichte,1
reconnaissance,1
reconstructions,1
record,5
recording,2
recordings,1
records,2
recovering,1
recruiting,1
recueil,3
red,5
redesign,1
redistribution,1
rediva,1
reduce,1
refema,1
reference,3
regale,1
regards,1
regents,1
region,1
regional,1
register,2
registry,2
regnum,1
regulación,1
regulation,2
reinach,1
reinhard,1
rejection,1
related,3
relatifs,1
relaunched,1
release,1
released,1
relegere,1
reliefs,2
religieuses,2
religieux,1
religion,7
religiones,1
religioni,1
religions,2
religious,4
religión,1
reliquiae,1
remains,2
remote,2
renaissance,3
rencontres,2
rendu,1
rendus,1
rené,1
repertae,1
repertorio,1
repertorium,1
report,16
reportata,1
reports,21
repos,1
repositories,2
repository,6
reppal,1
republic,3
republican,1
republics,1
request,1
requirements,1
res,1
research,60
researches,1
researching,2
resource,9
resources,27
responses,1
ressources,3
ressoviensia,1
restoration,2
results,3
retiarius,1
retorica,1
retrieval,1
reuse,1
reuses,1
review,14
reviewla,1
reviews,7
revisited,1
revista,59
revolution,1
revue,38
revuesorg,2
rezensionszeitschrift,1
rezeption,4
rheinisches,1
rhetoric,1
rhizai,1
ricerche,1
richly,1
riec,1
riha,1
riipac,1
rila,1
rinap,1
rinascimento,1
risk,3
ritual,1
rivers,2
rivista,19
road,1
roads,3
robert,1
rock,2
rockcut,1
roland,1
roma,1
romae,2
romain,1
romaine,3
romaines,2
roman,48
romana,5
romanae,1
romani,1
romanian,5
romanistische,1
romano,5
romans,1
romanum,1
rome,23
romeinse,1
romes,1
romula,1
române,1
românia,1
româniei,1
room,3
roots,2
rosellini,1
rosenvasser,1
rosetta,1
roundup,5
rovereto,1
royal,7
royales,1
rozhledy,1
rti,1
rue,1
rundbrief,1
rundle,1
rundschau,2
runes,1
rural,2
rursus,1
russian,3
russin,1
rylands,1
réceptions,1
réflexions,1
références,1
régionaux,1
régészet,1
répertoire,4
réseau,3
réseaux,1
résumés,1
rétores,1
rónai,1
rôle,1
römerzeitliche,1
römische,1
römischen,1
s,1
saa,1
sab,1
sabc,1
sabesiensis,1
sabi,2
sabina,1
sacra,1
sacred,2
safaitic,1
safe,2
sage,1
sagvntvm,2
sahidic,1
saint,3
salaminian,1
salento,2
sales,1
salomon,1
salon,1
salonica,1
salvage,1
samarra,1
samian,1
sammlung,1
sammlungen,1
samothrace,1
sample,1
samuel,1
sanctorum,1
sanctuary,2
sanskrit,4
sapanu,1
sapiens,1
sapiente,1
sapienza,1
sapphos,1
sarcophagi,1
sardis,2
sardo,1
sarit,1
sasanian,1
sasanika,2
satellite,1
saudi,1
savants,1
savignystiftung,1
savior,1
saxa,1
sbl,3
sbls,2
sc,1
sca,1
scandinavian,1
scanned,1
scenedetails,1
scenes,1
scheme,1
schemes,1
scherzler,1
schiffman,1
schliemann,1
schoenberg,1
scholarly,8
scholars,5
scholarship,10
scholems,1
scholia,4
school,14
schottarchiv,1
schreiben,1
schriftsteller,1
schriftstellerlexikon,1
schweiz,1
schweizer,2
schweizerische,1
schweizerischen,1
schweizerischer,1
schwendner,1
science,10
sciences,14
scientific,4
scientifique,1
scientifiques,2
scienze,5
score,1
scribendi,1
scrineum,1
scripta,1
scripto,1
scriptores,1
scriptorium,1
scriptorum,5
scriptsource,1
scripture,2
scriptures,1
scritti,1
scrolls,4
sculpture,2
sculptures,2
scuola,2
sdbh,1
sea,10
seal,2
sealands,1
sealing,1
sealings,1
seals,6
search,4
searchable,4
searching,2
seasons,3
sebvs,1
second,2
section,6
seej,1
seen,1
sefarad,1
sehepunkte,1
sel,1
selecta,1
selections,1
selective,1
seleucia,1
seleucids,1
semantic,1
semantics,1
semantischen,1
sembase,1
seminar,2
seminars,1
seminary,1
semitic,8
semitics,1
semitistiek,1
sempozyumu,1
sendschirli,1
senepse,1
senjski,1
sensing,2
septemcastrensis,2
septentrionale,1
septuagint,5
septuagintaunternehmens,1
seri,1
seria,1
serial,3
serie,4
series,30
serija,1
server,1
service,7
services,1
serving,2
servir,1
session,1
sessions,1
set,1
sets,1
settimanale,1
settlement,1
settlements,2
settore,1
seven,2
several,1
severan,1
sevilla,1
sezione,1
shamra,1
sharing,1
shaveh,1
she,1
shechem,1
shi,1
shiloah,1
shipcart,1
shizishalla,1
short,2
should,1
sht,1
siac,1
sickness,1
side,1
sidestone,1
sidonius,1
siedlungsforschung,1
siegel,3
siegfried,1
signs,1
silk,2
silwan,1
simple,1
sinai,1
sinaiticus,2
singidunum,1
sinleqiunnini,1
sinoplatonic,1
sinuhebibliographie,1
sir,1
sira,1
sirkeli,1
site,5
sites,11
siti,1
situ,1
sitzungsberichte,1
six,1
siècle,2
sjeas,1
sketch,1
skills,1
sklaverei,1
slaby,1
slaves,1
slavonic,1
slovo,1
smarthistory,1
smell,1
smid,2
smui,1
soas,1
sobre,10
social,6
sociales,1
sociedad,1
sociedades,2
societas,1
societies,5
society,45
societys,1
società,1
societății,1
société,1
société,11
socraticorum,1
socratis,1
sofia,1
sofistas,1
software,2
soknopaiu,1
solicited,1
soliciting,1
solinske,1
soma,1
some,2
soncino,1
song,2
sonuçları,3
soon,8
sorgll,1
sosyal,2
sotterranea,1
soudan,2
source,4
sourcebook,1
sources,6
sousse,1
south,12
southeast,2
southwest,3
space,5
spaces,2
spacetextimaging,1
sparc,1
spartan,1
spartokos,1
special,7
specialist,1
specialists,1
specializzazione,1
speculum,1
spelling,1
spicae,1
sprache,2
sprachmaterialien,1
spuren,1
spurlock,1
spätantike,1
squeeze,1
squinchpix,1
sr,1
sri,1
srpskog,1
ss,1
ssn,1
ssrn,1
st,4
staatsbibliothek,1
stacks,1
stade,1
stakeholder,1
stanford,2
staple,1
starinar,1
starohrvatska,1
state,4
statement,3
statistical,1
statistics,5
statistique,2
statuary,1
statues,3
stemmaweb,1
step,1
stiftung,1
stiintifice,1
stockage,1
stolen,1
stone,2
stonemasonry,1
stones,1
stoneworking,1
storia,9
storiche,1
storici,1
storico,1
storicoarcheologico,1
storify,2
storiografia,1
strasbourg,2
strategies,1
stratigraphy,1
stray,1
stream,4
streaming,1
street,1
structure,1
structures,1
student,3
studentesti,1
students,1
studes,1
studi,18
studia,12
studie,1
studien,4
studies,148
studii,1
study,21
styppax,1
su,2
sua,1
subject,1
subjects,1
subsistence,1
substance,1
suda,1
sudan,16
sudanarchäologie,1
sudasiatici,1
sudden,1
sudeste,1
suecana,2
suhayl,1
suisse,5
sujets,1
sul,3
sulamericana,1
sullimmagine,1
sumerian,5
sumerischen,1
sungkyun,1
suplemento,1
supplement,5
supplementary,3
supplements,1
suppléments,1
supporting,1
supérieure,1
sur,8
suramericanaarqueologia,1
suraprojekt,1
surface,1
surrey,1
survey,19
surviving,1
suse,1
sustainability,1
svizzera,2
swansea,1
sweden,2
swedish,7
swiss,1
switzerland,1
sylloge,2
symbolae,1
symbolism,1
symmeikta,1
symposium,3
symposiumpublication,1
synagogues,1
synallagma,1
synaxarion,1
synchronizing,1
synthesis,1
syria,5
syriac,7
syrian,9
syriaques,1
syrie,1
syrienne,1
syriennes,1
syriens,1
systasis,1
system,8
systems,4
sällskapet,1
séances,2
série,2
t,3
taarii,1
tabella,1
tablet,3
tabletleri,1
tablets,3
tabulae,2
tagging,1
talbert,1
talia,1
tall,1
talmud,2
talmudic,2
talpiot,1
tamid,1
tardana,1
targum,1
targumic,1
tarifeños,1
tarragonines,1
tartuensia,1
tash,1
taught,1
tauriensia,1
tavo,1
taxila,1
tay,1
tayinat,1
tc,1
tcl,1
tdar,2
teach,1
teaching,6
team,1
teasers,1
teatro,2
techne,1
technical,3
techniques,3
technologies,1
technology,3
techs,1
tei,1
teiresias,1
tel,2
telamon,1
teleorman,1
tell,7
tellgezer,1
teme,1
temes,1
temple,1
temples,9
temporarily,2
ten,1
tenor,1
tenth,1
teologia,2
tepe,4
terra,1
terrae,1
terrarum,1
territorio,3
tesserae,2
test,1
testament,11
testimonia,1
texas,2
text,17
textbook,2
textbooks,1
texte,1
textes,3
textimage,1
textkit,1
texts,46
textual,1
textus,1
textzeugenarchiv,1
thamyris,1
that,2
the,867
theatre,1
theatrum,1
theban,7
thebes,1
their,1
them,1
thematic,1
theme,1
then,1
theoi,1
theologica,1
theological,6
theology,5
theoretical,1
theory,2
theotheracropoliscom,1
thera,1
there,1
theres,1
thesaurus,10
theses,10
thesis,1
thespies,1
thiasos,1
think,1
thinking,1
third,1
thirtyfive,1
thomas,2
thoruniensia,1
thots,1
thotweb,1
thousand,1
thrace,1
thracians,1
thracodacica,1
threat,1
three,6
through,3
thucydides,1
thèbesouest,2
thèmes,1
thèses,1
tibet,1
tibre,1
ticinese,1
tiempo,2
tiglathpileser,1
tigris,2
tile,1
timbres,1
time,7
timea,1
timeline,1
times,3
timisiensis,1
tin,1
tiryns,1
title,1
titled,1
titles,3
tl,1
tlg,2
tlg®,5
to,98
today,1
todays,1
tomb,1
tombs,2
tool,7
tools,6
topical,1
topics,1
toplantıları,3
topographical,1
topoi,3
toponymes,1
torch,1
torino,2
totally,1
totem,1
totenbuch,1
totenbuchprojekt,1
tour,1
tov,1
towarzystwa,1
tōyō,1
tpen,1
tra,1
trabajos,2
trabalhos,2
tracce,1
traces,1
tracings,1
track,1
tracking,1
trade,5
trademarks,1
traders,1
tradición,2
tradition,3
traditions,2
tradizione,2
tradutórios,1
traffic,1
trafficking,1
tragedy,1
traitement,1
transactions,1
transcaucasian,1
transcription,2
transcultural,1
transdisciplinary,1
transformation,1
transforming,1
transition,1
translation,4
translations,1
translator,1
transnational,1
transoxiana,1
transversaux,1
travail,1
travaillé,1
travaux,4
travel,2
travelers,2
traveling,1
treasures,2
treebank,1
tresmegistos,1
treweek,1
trial,3
tribuna,1
triestini,1
trimestrale,1
trimithis,1
trinity,1
tripolitania,1
trismegistos,7
trivium,1
tropis,1
tropper,1
trust,3
truthful,1
trypillian,1
tsereteli,1
tulliana,3
tunis,1
tunisie,3
turfan,1
turin,1
turkey,5
turkish,2
turning,1
turret,1
tusculum,1
tutankhamun,1
tutorial,2
tutorials,1
twelve,1
twenty,1
twentyfirst,1
twitter,1
two,6
tycho,1
tyjdskrif,1
tyndale,3
tyrrhénienne,1
târgoviste,1
tüba,1
tübaked,1
tübingen,1
tübinger,1
türk,3
türkiye,1
tütkiyede,1
u,1
uam,1
ub,1
ubaid,1
ubc,1
ubi,1
uc,1
ucl,2
ucla,3
uee,1
ugaritica,1
uk,2
ukranian,1
umm,2
umr7041,1
un,1
una,1
und,23
under,3
undergraduate,4
undergraduates,1
understand,1
underwater,2
unicode,1
uninvestigated,1
unit,1
united,1
universal,1
universidad,4
universitatis,3
universities,1
university,65
università,2
universität,1
universitätsbibliothek,4
unprovenanced,1
up,2
update,33
updated,4
updates,11
upper,2
ur,3
urartology,1
urbaine,1
urbanachampaign,1
urbanism,1
urbanization,1
urbis,2
urcrowdsource,1
urkesh,1
urkunden,1
urukwarka,1
us,2
usa,1
usage,1
use,1
used,1
usep,1
users,1
using,4
usum,2
utah,1
utilitaires,2
v,3
va,1
valencia,2
valley,3
vallée,1
valorization,1
valència,1
van,1
variability,1
various,1
vase,2
vaseninschriften,1
vasorum,1
vates,1
vaticana,1
vaticani,1
vaticanis,1
ve,3
veche,1
vedic,1
veleia,1
veleias,1
venezolana,1
verbum,1
verdolay,1
vergil,1
veritas,1
verres,1
version,2
versions,1
vestnik,1
vesuvius,2
vetus,1
vexillum,1
vhmml,1
via,2
viae,1
vicino,2
viciorg,1
victor,2
victoria,1
video,8
videos,1
view,1
viewer,1
viewing,1
views,1
viladonga,1
villa,1
village,1
vilnensia,1
vincent,1
vindolanda,1
vir,1
virtual,19
virtuelle,4
visible,2
vision,2
visit,1
visual,1
visualizing,3
visàvis,1
vita,1
vivarium,1
vizantološkog,1
vjesnik,2
vmba,1
vmr,1
vocabularies,2
vocabulary,1
voces,1
voices,2
vol,2
volterra,1
volume,11
volumes,19
voluminum,1
volunteers,1
vom,1
von,6
voor,1
vorderen,1
votive,1
vème,1
vértices,1
wadi,1
wall,1
walters,1
waly,1
wants,1
wappenkunde,1
war,1
warburg,1
ware,1
warfare,1
warning,2
warnings,3
wars,1
warsaw,1
waseda,2
wasnt,2
wasserhistorische,1
water,1
watercolours,1
waters,3
way,2
wayback,1
wayeb,1
wde,1
wdl,1
we,1
web,8
webfestschrift,1
website,9
websites,1
wednesday,1
week,5
weill,1
well,1
welt,1
welten,1
weltweit,2
werke,1
west,3
what,2
whats,1
wheap,1
when,1
whitakers,1
white,1
whites,1
who,1
why,1
wibilex,1
widgets,1
wiki,13
wilbour,1
wild,1
william,2
williams,1
winckelmannsprogramm,1
wisdoms,1
wissenschaftliche,1
wissenschaftliches,1
with,14
without,1
women,4
womengendersexuality,1
wood,2
woodwards,1
word,4
wordchorus,1
wordhoard,1
wordpress,1
words,3
work,6
worked,1
working,2
workmens,1
works,6
workshop,2
workshops,1
world,77
worldcatorg,1
worlds,5
worldsystems,1
worldwide,1
would,1
writing,4
writings,2
wörterbuch,1
würzburg,1
xanthoslétôon,1
xaveriana,1
xdb,1
xhtmlbased,1
xiiixv,1
xve,1
xxième,1
y,32
yahya,1
yale,2
yales,1
yapilan,1
yayınları,1
year,2
years,4
yemen,2
yemeni,1
yerleşmeleri,1
yerushalmi,1
yet,1
yococu,1
york,1
you,6
your,4
youth,1
youtube,4
yéménites,1
za,2
zafar,1
zagreb,1
zagrebu,1
zaranda,1
zaubertexte,1
zavoda,1
zbornik,3
zdmg,1
zdpv,1
zeit,1
zeitschrift,9
zeitschriften,1
zenon,4
zentrums,1
zephyrus,1
zero,1
zetesis,1
zeugma,1
zhang,1
zhung,1
zinbun,1
ziyaret,1
zograf,1
zoharic,1
zotero,1
zpe,1
zu,6
zum,3
zur,8
«,1
«eikasmós,1
«égypte,1
·,1
»,1
à,6
àlacarte,2
ágora,1
ákoue,2
âge,1
äfkw,1
ägypten,1
ägyptische,1
ägyptischen,1
ägyptologie,4
ägyptologische,1
ägyptologischen,1
çalışmaları,1
çatal,1
çatalhöyük,2
école,4
économique,1
édition,1
éditions,1
égypte,4
égyptienne,2
égyptiennes,2
égyptologique,1
égyptologiques,1
électronique,1
électroniques,1
épigraphie,1
épigraphique,1
époque,1
étrurie,1
études,9
ítaca,1
în,2
österreich,2
časopis,1
œuvres,1
şi,3
š,1
šiprim,1
ακάμας,1
ανάδειξης,1
ανάσκαμμα,1
ανθέμιον,1
αοιδοι,1
αρχαίο,1
αρχαιολογία,1
αρχαιοτήτων,2
αρχείον,1
αττικής,1
βυζαντινά,1
βυζαντινα,1
για,1
δελτίο,1
δικαίου,2
εγνατία,1
ελληνική,2
ενημερωτικό,1
εταιρία,2
ευβοϊκών,1
θέατρο,1
ιμερος,1
και,1
κρήτη,1
κρητικά,1
λογειον,2
λογεῖον,1
μακεδονικά,1
μελετών,1
μνημεία,1
μνημείων,1
ντικιλί,1
περιοδικό,1
προιστορήματα,1
σαλαμίνος,1
συμμεικτα,1
σχολή,1
τέχνες,1
τας,1
τεκμηρια,1
της,1
το,1
φιλοκτητησ,1
χρονικά,1
ψηφιακή,1
όμιλος,1
античного,1
античный,1
археологии,1
археологического,1
археологической,2
археология,4
архивной,1
богословские,1
в,1
византийский,1
византија,1
временник,1
древностей,1
електронно,1
за,2
записки,1
зборник,1
и,5
известия,3
изкуство,1
императорской,1
института,1
исследования,1
истории,2
история,1
карпатика,1
класичне,1
комиссии,3
константинополе,1
материалы,1
матице,1
мир,1
мира,1
мнемон,1
ниш,1
общества,1
одесского,1
отчеты,1
по,2
публикации,1
россии,1
русского,1
советская,1
списание,1
средновековна,1
српске,1
студије,1
таврической,1
татарская,1
труды,1
ученой,1
המקרא,1
מפעל,1
آثار,1
الأثرية,1
الأردنية,1
الرافدين,1
السكة,1
المجلة,1
الوقائع,1
سورية,1
في,1
للتاريخ,1
والآثار,1
ὅρμος,1
—,1
‘atiqot,1
‘digital,1
‘open,1
“unaffiliated”,1
„tyragetia,1
„valahia”,1
エジプト学研究,1
東洋史硏究,1
西洋古代史研究,1
西洋古典學研究,1
